{"v":"5.1.1","fr":29.9700012207031,"ip":0,"op":60.0000024438501,"w":100,"h":100,"nm":"download-icon","ddd":0,"assets":[],"layers":[{"ddd":0,"ind":1,"ty":4,"nm":"check","sr":1,"ks":{"o":{"a":0,"k":100,"ix":11},"r":{"a":0,"k":0,"ix":10},"p":{"a":0,"k":[67.33,73.337,0],"ix":2},"a":{"a":0,"k":[12.917,12.917,0],"ix":1},"s":{"a":1,"k":[{"i":{"x":[0.833,0.833,0.833],"y":[0.833,0.833,0.833]},"o":{"x":[0.167,0.167,0.167],"y":[0.167,0.167,0.167]},"n":["0p833_0p833_0p167_0p167","0p833_0p833_0p167_0p167","0p833_0p833_0p167_0p167"],"t":39,"s":[0,0,100],"e":[125,125,100]},{"i":{"x":[0.833,0.833,0.833],"y":[0.833,0.833,0.833]},"o":{"x":[0.167,0.167,0.167],"y":[0.167,0.167,0.167]},"n":["0p833_0p833_0p167_0p167","0p833_0p833_0p167_0p167","0p833_0p833_0p167_0p167"],"t":44,"s":[125,125,100],"e":[100,100,100]},{"t":48.0000019550801}],"ix":6}},"ao":0,"shapes":[{"ty":"gr","it":[{"ty":"gr","it":[{"ind":0,"ty":"sh","ix":1,"ks":{"a":0,"k":{"i":[[0,-3.48],[1.75,-2.97],[2.97,-1.74],[3.49,0],[2.97,1.75],[1.74,2.97],[0,3.49],[-1.75,2.97],[-2.97,1.74],[-3.48,0],[-2.97,-1.75],[-1.74,-2.97]],"o":[[0,3.49],[-1.74,2.97],[-2.97,1.75],[-3.48,0],[-2.97,-1.74],[-1.75,-2.97],[0,-3.48],[1.74,-2.97],[2.97,-1.75],[3.49,0],[2.97,1.74],[1.75,2.97]],"v":[[38.75,19.37],[36.13,29.06],[29.06,36.13],[19.37,38.75],[9.69,36.13],[2.62,29.06],[0,19.37],[2.62,9.69],[9.69,2.62],[19.37,0],[29.06,2.62],[36.13,9.69]],"c":true},"ix":2},"nm":"Path 1","mn":"ADBE Vector Shape - Group","hd":false},{"ty":"tr","p":{"a":0,"k":[0,0],"ix":2},"a":{"a":0,"k":[0,0],"ix":1},"s":{"a":0,"k":[100,100],"ix":3},"r":{"a":0,"k":0,"ix":6},"o":{"a":0,"k":100,"ix":7},"sk":{"a":0,"k":0,"ix":4},"sa":{"a":0,"k":0,"ix":5},"nm":"Transform"}],"nm":"Path","np":1,"cix":2,"ix":1,"mn":"ADBE Vector Group","hd":false},{"ty":"gr","it":[{"ind":0,"ty":"sh","ix":1,"ks":{"a":0,"k":{"i":[[-0.2,0.26],[0,0],[0,0.36],[0.26,0.21],[0,0],[0.34,0],[0.26,-0.26],[0,0],[0,0],[0.34,0],[0.26,-0.26],[0,0],[0,-0.37],[-0.26,-0.21],[0,0],[-0.36,0]],"o":[[0,0],[0.26,-0.21],[0,-0.37],[0,0],[-0.26,-0.26],[-0.34,0],[0,0],[0,0],[-0.26,-0.26],[-0.34,0],[0,0],[-0.26,0.21],[0,0.36],[0,0],[0.2,0.26],[0.37,0]],"v":[[10.23,18.28],[24.61,3.91],[25,3.05],[24.61,2.19],[22.89,0.39],[21.99,0],[21.09,0.39],[9.37,12.11],[3.91,6.64],[3.01,6.25],[2.11,6.64],[0.39,8.44],[0,9.3],[0.39,10.16],[8.52,18.28],[9.37,18.67]],"c":true},"ix":2},"nm":"Path 1","mn":"ADBE Vector Shape - Group","hd":false},{"ty":"tr","p":{"a":0,"k":[6.87,11.33],"ix":2},"a":{"a":0,"k":[0,0],"ix":1},"s":{"a":0,"k":[100,100],"ix":3},"r":{"a":0,"k":0,"ix":6},"o":{"a":0,"k":100,"ix":7},"sk":{"a":0,"k":0,"ix":4},"sa":{"a":0,"k":0,"ix":5},"nm":"Transform"}],"nm":"Path","np":1,"cix":2,"ix":2,"mn":"ADBE Vector Group","hd":false},{"ty":"mm","mm":1,"nm":"Merge Paths 1","mn":"ADBE Vector Filter - Merge","hd":false},{"ty":"fl","c":{"a":0,"k":[0.329412013292,0.725489974022,0.282353013754,1],"ix":4},"o":{"a":0,"k":100,"ix":5},"r":1,"nm":"Fill 1","mn":"ADBE Vector Graphic - Fill","hd":false},{"ty":"tr","p":{"a":0,"k":[0,0],"ix":2},"a":{"a":0,"k":[0,0],"ix":1},"s":{"a":0,"k":[66.667,66.667],"ix":3},"r":{"a":0,"k":0,"ix":6},"o":{"a":0,"k":100,"ix":7},"sk":{"a":0,"k":0,"ix":4},"sa":{"a":0,"k":0,"ix":5},"nm":"Transform"}],"nm":"check","np":4,"cix":2,"ix":1,"mn":"ADBE Vector Group","hd":false}],"ip":39.0000015885026,"op":60.0000024438501,"st":0,"bm":0},{"ddd":0,"ind":2,"ty":4,"nm":"white background","sr":1,"ks":{"o":{"a":0,"k":100,"ix":11},"r":{"a":0,"k":0,"ix":10},"p":{"a":0,"k":[67.33,73.337,0],"ix":2},"a":{"a":0,"k":[12.917,12.917,0],"ix":1},"s":{"a":1,"k":[{"i":{"x":[0.833,0.833,0.833],"y":[0.833,0.833,0.833]},"o":{"x":[0.167,0.167,0.167],"y":[0.167,0.167,0.167]},"n":["0p833_0p833_0p167_0p167","0p833_0p833_0p167_0p167","0p833_0p833_0p167_0p167"],"t":39,"s":[0,0,100],"e":[125,125,100]},{"i":{"x":[0.833,0.833,0.833],"y":[0.833,0.833,0.833]},"o":{"x":[0.167,0.167,0.167],"y":[0.167,0.167,0.167]},"n":["0p833_0p833_0p167_0p167","0p833_0p833_0p167_0p167","0p833_0p833_0p167_0p167"],"t":44,"s":[125,125,100],"e":[100,100,100]},{"t":48.0000019550801}],"ix":6}},"ao":0,"shapes":[{"ty":"gr","it":[{"ind":0,"ty":"sh","ix":1,"ks":{"a":0,"k":{"i":[[0,-3.48],[1.75,-2.97],[2.97,-1.74],[3.49,0],[2.97,1.75],[1.74,2.97],[0,3.49],[-1.75,2.97],[-2.97,1.74],[-3.48,0],[-2.97,-1.75],[-1.74,-2.97]],"o":[[0,3.49],[-1.74,2.97],[-2.97,1.75],[-3.48,0],[-2.97,-1.74],[-1.75,-2.97],[0,-3.48],[1.74,-2.97],[2.97,-1.75],[3.49,0],[2.97,1.74],[1.75,2.97]],"v":[[38.75,19.37],[36.13,29.06],[29.06,36.13],[19.37,38.75],[9.69,36.13],[2.62,29.06],[0,19.37],[2.62,9.69],[9.69,2.62],[19.37,0],[29.06,2.62],[36.13,9.69]],"c":true},"ix":2},"nm":"Path 1","mn":"ADBE Vector Shape - Group","hd":false},{"ty":"fl","c":{"a":0,"k":[1,1,1,1],"ix":4},"o":{"a":0,"k":100,"ix":5},"r":1,"nm":"Fill 1","mn":"ADBE Vector Graphic - Fill","hd":false},{"ty":"tr","p":{"a":0,"k":[0,0],"ix":2},"a":{"a":0,"k":[0,0],"ix":1},"s":{"a":0,"k":[66.667,66.667],"ix":3},"r":{"a":0,"k":0,"ix":6},"o":{"a":0,"k":100,"ix":7},"sk":{"a":0,"k":0,"ix":4},"sa":{"a":0,"k":0,"ix":5},"nm":"Transform"}],"nm":"Group 1","np":2,"cix":2,"ix":1,"mn":"ADBE Vector Group","hd":false}],"ip":39.0000015885026,"op":60.0000024438501,"st":0,"bm":0},{"ddd":0,"ind":3,"ty":4,"nm":"tab","sr":1,"ks":{"o":{"a":0,"k":100,"ix":11},"r":{"a":0,"k":0,"ix":10},"p":{"a":1,"k":[{"i":{"x":0.833,"y":0.833},"o":{"x":0.167,"y":0.167},"n":"0p833_0p833_0p167_0p167","t":18,"s":[65.153,72.473,0],"e":[65.153,26.473,0],"to":[0,-7.66666650772095,0],"ti":[0,7.66666650772095,0]},{"t":37.0000015070409}],"ix":2},"a":{"a":0,"k":[6.94,7.38,0],"ix":1},"s":{"a":0,"k":[100,100,100],"ix":6}},"ao":0,"shapes":[{"ty":"gr","it":[{"ind":0,"ty":"sh","ix":1,"ks":{"a":0,"k":{"i":[[0,0],[-3.9,0],[0,0],[-1.35,-0.66],[0.84,0.94],[0,0],[1.59,0.91],[0,-1.68]],"o":[[0,3.9],[0,0],[1.6,0],[-1.75,-3.21],[0,0],[-1.39,-1.32],[0.73,1.4],[0,0]],"v":[[1.14,14.02],[8.21,21.11],[16.36,21.11],[20.82,22.14],[16.24,15.67],[4.49,3.36],[0,0],[1.14,4.66]],"c":true},"ix":2},"nm":"Path 1","mn":"ADBE Vector Shape - Group","hd":false},{"ty":"fl","c":{"a":0,"k":[0.607891976833,0.607802987099,0.607922971249,1],"ix":4},"o":{"a":0,"k":100,"ix":5},"r":1,"nm":"Fill 1","mn":"ADBE Vector Graphic - Fill","hd":false},{"ty":"tr","p":{"a":0,"k":[0,0],"ix":2},"a":{"a":0,"k":[0,0],"ix":1},"s":{"a":0,"k":[66.667,66.667],"ix":3},"r":{"a":0,"k":0,"ix":6},"o":{"a":0,"k":100,"ix":7},"sk":{"a":0,"k":0,"ix":4},"sa":{"a":0,"k":0,"ix":5},"nm":"Transform"}],"nm":"Group 1","np":2,"cix":2,"ix":1,"mn":"ADBE Vector Group","hd":false}],"ip":18.000000733155,"op":60.0000024438501,"st":0,"bm":0},{"ddd":0,"ind":4,"ty":4,"nm":"document","sr":1,"ks":{"o":{"a":0,"k":100,"ix":11},"r":{"a":0,"k":0,"ix":10},"p":{"a":1,"k":[{"i":{"x":0.833,"y":0.833},"o":{"x":0.167,"y":0.167},"n":"0p833_0p833_0p167_0p167","t":18,"s":[50.667,50.25,0],"e":[50.667,50,0],"to":[0,-0.04166666790843,0],"ti":[0,0.04166666790843,0]},{"t":50.0000020365418}],"ix":2},"a":{"a":0,"k":[23.333,32,0],"ix":1},"s":{"a":0,"k":[100,100,100],"ix":6}},"ao":0,"shapes":[{"ty":"gr","it":[{"ty":"gr","it":[{"ind":0,"ty":"sh","ix":1,"ks":{"a":0,"k":{"i":[[0,0],[0,0],[0,1.37],[-1.38,0],[0,0],[0,-1.37],[1.38,0]],"o":[[0,0],[-1.38,0],[0,-1.37],[0,0],[1.38,0],[0,1.37],[0,0]],"v":[[44.82,4.97],[2.49,4.97],[0,2.49],[2.49,0],[44.82,0],[47.31,2.49],[44.82,4.97]],"c":true},"ix":2},"nm":"Path 1","mn":"ADBE Vector Shape - Group","hd":false},{"ty":"tr","p":{"a":1,"k":[{"i":{"x":0.833,"y":0.833},"o":{"x":0.167,"y":0.167},"n":"0p833_0p833_0p167_0p167","t":17,"s":[9.8,82.47],"e":[9.8,47.47],"to":[0,-5.83333349227905],"ti":[0,5.83333349227905]},{"t":37.0000015070409}],"ix":2},"a":{"a":0,"k":[0,0],"ix":1},"s":{"a":0,"k":[100,100],"ix":3},"r":{"a":0,"k":0,"ix":6},"o":{"a":0,"k":100,"ix":7},"sk":{"a":0,"k":0,"ix":4},"sa":{"a":0,"k":0,"ix":5},"nm":"Transform"}],"nm":"Path","np":1,"cix":2,"ix":1,"mn":"ADBE Vector Group","hd":false},{"ty":"gr","it":[{"ind":0,"ty":"sh","ix":1,"ks":{"a":0,"k":{"i":[[0,0],[0,0],[0,1.37],[-1.38,0],[0,0],[0,-1.38],[1.38,0]],"o":[[0,0],[-1.38,0],[0,-1.38],[0,0],[1.38,0],[0,1.37],[0,0]],"v":[[44.82,4.97],[2.49,4.97],[0,2.49],[2.49,0],[44.82,0],[47.31,2.49],[44.82,4.97]],"c":true},"ix":2},"nm":"Path 1","mn":"ADBE Vector Shape - Group","hd":false},{"ty":"tr","p":{"a":1,"k":[{"i":{"x":0.833,"y":0.833},"o":{"x":0.167,"y":0.167},"n":"0p833_0p833_0p167_0p167","t":17,"s":[9.8,83.24],"e":[9.8,58.24],"to":[0,-4.16666650772095],"ti":[0,4.16666650772095]},{"t":37.0000015070409}],"ix":2},"a":{"a":0,"k":[0,0],"ix":1},"s":{"a":0,"k":[100,100],"ix":3},"r":{"a":0,"k":0,"ix":6},"o":{"a":0,"k":100,"ix":7},"sk":{"a":0,"k":0,"ix":4},"sa":{"a":0,"k":0,"ix":5},"nm":"Transform"}],"nm":"Path","np":1,"cix":2,"ix":2,"mn":"ADBE Vector Group","hd":false},{"ty":"mm","mm":1,"nm":"Merge Paths 1","mn":"ADBE Vector Filter - Merge","hd":false},{"ty":"gr","it":[{"ind":0,"ty":"sh","ix":1,"ks":{"a":0,"k":{"i":[[0,0],[0,0],[0,1.37],[-1.38,0],[0,0],[0,-1.37],[1.38,0]],"o":[[0,0],[-1.38,0],[0,-1.37],[0,0],[1.38,0],[0,1.37],[0,0]],"v":[[44.82,4.98],[2.49,4.98],[0,2.49],[2.49,0],[44.82,0],[47.31,2.49],[44.82,4.98]],"c":true},"ix":2},"nm":"Path 1","mn":"ADBE Vector Shape - Group","hd":false},{"ty":"tr","p":{"a":1,"k":[{"i":{"x":0.833,"y":0.833},"o":{"x":0.167,"y":0.167},"n":"0p833_0p833_0p167_0p167","t":17,"s":[9.8,82.85],"e":[9.8,69.85],"to":[0,-2.16666674613953],"ti":[0,2.16666674613953]},{"t":37.0000015070409}],"ix":2},"a":{"a":0,"k":[0,0],"ix":1},"s":{"a":0,"k":[100,100],"ix":3},"r":{"a":0,"k":0,"ix":6},"o":{"a":0,"k":100,"ix":7},"sk":{"a":0,"k":0,"ix":4},"sa":{"a":0,"k":0,"ix":5},"nm":"Transform"}],"nm":"Path","np":1,"cix":2,"ix":4,"mn":"ADBE Vector Group","hd":false},{"ty":"mm","mm":1,"nm":"Merge Paths 2","mn":"ADBE Vector Filter - Merge","hd":false},{"ty":"gr","it":[{"ind":0,"ty":"sh","ix":1,"ks":{"a":0,"k":{"i":[[0,0],[0,0],[0,-1.38],[1.37,0],[0,0],[0,1.37],[-1.38,0]],"o":[[0,0],[1.37,0],[0,1.37],[0,0],[-1.38,0],[0,-1.38],[0,0]],"v":[[2.49,0],[17.57,0],[20.06,2.49],[17.57,4.97],[2.49,4.97],[0,2.49],[2.49,0]],"c":true},"ix":2},"nm":"Path 1","mn":"ADBE Vector Shape - Group","hd":false},{"ty":"tr","p":{"a":1,"k":[{"i":{"x":0.833,"y":0.833},"o":{"x":0.167,"y":0.167},"n":"0p833_0p833_0p167_0p167","t":17,"s":[9.8,83.2],"e":[9.8,34.2],"to":[0,-8.16666698455811],"ti":[0,8.16666698455811]},{"t":37.0000015070409}],"ix":2},"a":{"a":0,"k":[0,0],"ix":1},"s":{"a":0,"k":[100,100],"ix":3},"r":{"a":0,"k":0,"ix":6},"o":{"a":0,"k":100,"ix":7},"sk":{"a":0,"k":0,"ix":4},"sa":{"a":0,"k":0,"ix":5},"nm":"Transform"}],"nm":"Path","np":1,"cix":2,"ix":6,"mn":"ADBE Vector Group","hd":false},{"ty":"gr","it":[{"ind":0,"ty":"sh","ix":1,"ks":{"a":1,"k":[{"i":{"x":0.833,"y":0.833},"o":{"x":0.167,"y":0.167},"n":"0p833_0p833_0p167_0p167","t":17,"s":[{"i":[[0,0],[3.84,0],[0,0],[0,1.156],[0,0],[3.73,0.027],[0,0],[0,-0.949],[0,0],[-4.51,0],[0,0],[0,0.951]],"o":[[-0.01,-0.808],[0,0],[-5.49,0],[0,0],[0,-0.793],[0,0],[-4.51,0],[0,0],[0,0.951],[0,0],[4.52,0],[0,0]],"v":[[70,82.928],[62.94,81.49],[53.78,81.49],[43.83,79.395],[43.83,77.214],[37.09,75.75],[8.18,75.75],[0,77.473],[0,94.277],[8.18,96],[61.81,96],[70,94.277]],"c":true}],"e":[{"i":[[0,0],[3.84,0],[0,0],[0,5.48],[0,0],[3.73,0.13],[0,0],[0,-4.5],[0,0],[-4.51,0],[0,0],[0,4.51]],"o":[[-0.01,-3.83],[0,0],[-5.49,0],[0,0],[0,-3.76],[0,0],[-4.51,0],[0,0],[0,4.51],[0,0],[4.52,0],[0,0]],"v":[[70,34.03],[62.94,27.21],[53.78,27.21],[43.83,17.28],[43.83,6.94],[37.09,0],[8.18,0],[0,8.17],[0,87.83],[8.18,96],[61.81,96],[70,87.83]],"c":true}]},{"t":37.0000015070409}],"ix":2},"nm":"Path 1","mn":"ADBE Vector Shape - Group","hd":false},{"ty":"tr","p":{"a":0,"k":[0,0],"ix":2},"a":{"a":0,"k":[0,0],"ix":1},"s":{"a":0,"k":[100,100],"ix":3},"r":{"a":0,"k":0,"ix":6},"o":{"a":0,"k":100,"ix":7},"sk":{"a":0,"k":0,"ix":4},"sa":{"a":0,"k":0,"ix":5},"nm":"Transform"}],"nm":"Path","np":1,"cix":2,"ix":7,"mn":"ADBE Vector Group","hd":false},{"ty":"mm","mm":1,"nm":"Merge Paths 4","mn":"ADBE Vector Filter - Merge","hd":false},{"ty":"fl","c":{"a":0,"k":[0.607891976833,0.607802987099,0.607922971249,1],"ix":4},"o":{"a":0,"k":100,"ix":5},"r":1,"nm":"Fill 1","mn":"ADBE Vector Graphic - Fill","hd":false},{"ty":"tr","p":{"a":0,"k":[0,0],"ix":2},"a":{"a":0,"k":[0,0],"ix":1},"s":{"a":0,"k":[66.667,66.667],"ix":3},"r":{"a":0,"k":0,"ix":6},"o":{"a":0,"k":100,"ix":7},"sk":{"a":0,"k":0,"ix":4},"sa":{"a":0,"k":0,"ix":5},"nm":"Transform"}],"nm":"document","np":9,"cix":2,"ix":1,"mn":"ADBE Vector Group","hd":false}],"ip":17.0000006924242,"op":60.0000024438501,"st":0,"bm":0},{"ddd":0,"ind":5,"ty":4,"nm":"arrow","sr":1,"ks":{"o":{"a":1,"k":[{"i":{"x":[0.833],"y":[0.833]},"o":{"x":[0.167],"y":[0.167]},"n":["0p833_0p833_0p167_0p167"],"t":0,"s":[100],"e":[100]},{"i":{"x":[0.833],"y":[0.833]},"o":{"x":[0.167],"y":[0.167]},"n":["0p833_0p833_0p167_0p167"],"t":17,"s":[100],"e":[0]},{"t":18.000000733155}],"ix":11},"r":{"a":0,"k":0,"ix":10},"p":{"a":1,"k":[{"i":{"x":0.833,"y":0.833},"o":{"x":0.167,"y":0.167},"n":"0p833_0p833_0p167_0p167","t":0,"s":[50.413,36.333,0],"e":[50.663,81.801,0],"to":[0,5.12501764297485,0],"ti":[0,-11.9396810531616,0]},{"t":12.00000048877}],"ix":2},"a":{"a":0,"k":[15.407,35.5,0],"ix":1},"s":{"a":1,"k":[{"i":{"x":[0.833,0.833,0.833],"y":[0.833,0.833,0.833]},"o":{"x":[0.167,0.167,0.167],"y":[0.167,0.167,0.167]},"n":["0p833_0p833_0p167_0p167","0p833_0p833_0p167_0p167","0p833_0p833_0p167_0p167"],"t":12,"s":[100,100,100],"e":[136,39,100]},{"t":17.0000006924242}],"ix":6}},"ao":0,"shapes":[{"ty":"gr","it":[{"ind":0,"ty":"sh","ix":1,"ks":{"a":0,"k":{"i":[[-0.91,0],[0,0],[-0.64,-0.64],[0,-0.91],[0,0],[0,0],[-0.46,-1.14],[0.82,-0.82],[0,0],[0.73,0],[0.55,0.55],[0,0],[-0.45,1.14],[-1.19,0],[0,0],[0,0],[-0.63,0.64]],"o":[[0,0],[0.91,0],[0.64,0.64],[0,0],[0,0],[1.18,0],[0.45,1.14],[0,0],[-0.55,0.55],[-0.73,0],[0,0],[-0.82,-0.82],[0.46,-1.14],[0,0],[0,0],[0,-0.91],[0.64,-0.64]],"v":[[18.02,0],[28.96,0],[31.28,0.96],[32.24,3.28],[32.24,26.25],[44.27,26.25],[46.73,27.96],[46.18,30.9],[25.4,51.68],[23.49,52.5],[21.57,51.68],[0.79,30.9],[0.24,27.96],[2.71,26.25],[14.74,26.25],[14.74,3.28],[15.69,0.96]],"c":true},"ix":2},"nm":"Path 1","mn":"ADBE Vector Shape - Group","hd":false},{"ty":"fl","c":{"a":0,"k":[0.607891976833,0.607802987099,0.607922971249,1],"ix":4},"o":{"a":0,"k":100,"ix":5},"r":1,"nm":"Fill 1","mn":"ADBE Vector Graphic - Fill","hd":false},{"ty":"tr","p":{"a":0,"k":[0,0],"ix":2},"a":{"a":0,"k":[0,0],"ix":1},"s":{"a":1,"k":[{"i":{"x":[0.833,0.833],"y":[0.833,0.833]},"o":{"x":[0.167,0.167],"y":[0.167,0.167]},"n":["0p833_0p833_0p167_0p167","0p833_0p833_0p167_0p167"],"t":12,"s":[66.667,66.667],"e":[66.667,66.667]},{"t":17.0000006924242}],"ix":3},"r":{"a":0,"k":0,"ix":6},"o":{"a":0,"k":100,"ix":7},"sk":{"a":0,"k":0,"ix":4},"sa":{"a":0,"k":0,"ix":5},"nm":"Transform"}],"nm":"Group 1","np":2,"cix":2,"ix":1,"mn":"ADBE Vector Group","hd":false}],"ip":0,"op":17.0000006924242,"st":0,"bm":0},{"ddd":0,"ind":6,"ty":4,"nm":"download","sr":1,"ks":{"o":{"a":1,"k":[{"i":{"x":[0.833],"y":[0.833]},"o":{"x":[0.167],"y":[0.167]},"n":["0p833_0p833_0p167_0p167"],"t":17,"s":[100],"e":[0]},{"t":18.000000733155}],"ix":11},"r":{"a":0,"k":0,"ix":10},"p":{"a":0,"k":[50.667,75.21,0],"ix":2},"a":{"a":0,"k":[23.333,7.29,0],"ix":1},"s":{"a":0,"k":[100,100,100],"ix":6}},"ao":0,"shapes":[{"ty":"gr","it":[{"ty":"gr","it":[{"ind":0,"ty":"sh","ix":1,"ks":{"a":0,"k":{"i":[[0,-0.91],[0,0],[0.64,-0.64],[0.91,0],[0,0],[0.64,0.64],[0,0.92],[0,0],[-0.64,0.64],[-0.91,0],[0,0],[0,0],[-1.91,0],[-1.37,1.37],[0,0],[0,0],[-0.64,-0.64]],"o":[[0,0],[0,0.92],[-0.64,0.64],[0,0],[-0.91,0],[-0.64,-0.64],[0,0],[0,-0.91],[0.64,-0.64],[0,0],[0,0],[1.37,1.37],[1.91,0],[0,0],[0,0],[0.91,0],[0.64,0.64]],"v":[[70,3.28],[70,18.59],[69.04,20.92],[66.72,21.87],[3.28,21.87],[0.96,20.92],[0,18.59],[0,3.28],[0.96,0.96],[3.28,0],[23.38,0],[30.08,6.7],[35,8.75],[39.92,6.7],[46.62,0],[66.72,0],[69.04,0.96]],"c":true},"ix":2},"nm":"Path 1","mn":"ADBE Vector Shape - Group","hd":false},{"ty":"tr","p":{"a":0,"k":[0,0],"ix":2},"a":{"a":0,"k":[0,0],"ix":1},"s":{"a":0,"k":[100,100],"ix":3},"r":{"a":0,"k":0,"ix":6},"o":{"a":0,"k":100,"ix":7},"sk":{"a":0,"k":0,"ix":4},"sa":{"a":0,"k":0,"ix":5},"nm":"Transform"}],"nm":"Path","np":1,"cix":2,"ix":1,"mn":"ADBE Vector Group","hd":false},{"ty":"gr","it":[{"ind":0,"ty":"sh","ix":1,"ks":{"a":0,"k":{"i":[[0,0.73],[0.55,0.55],[0.73,0],[0.55,-0.55],[0,-0.72],[-0.55,-0.55],[-0.72,0],[-0.55,0.55]],"o":[[0,-0.72],[-0.55,-0.55],[-0.72,0],[-0.55,0.55],[0,0.73],[0.55,0.55],[0.73,0],[0.55,-0.55]],"v":[[5.47,2.73],[4.65,0.82],[2.73,0],[0.82,0.82],[0,2.73],[0.82,4.65],[2.73,5.47],[4.65,4.65]],"c":true},"ix":2},"nm":"Path 1","mn":"ADBE Vector Shape - Group","hd":false},{"ty":"tr","p":{"a":0,"k":[47.58,12.58],"ix":2},"a":{"a":0,"k":[0,0],"ix":1},"s":{"a":0,"k":[100,100],"ix":3},"r":{"a":0,"k":0,"ix":6},"o":{"a":0,"k":100,"ix":7},"sk":{"a":0,"k":0,"ix":4},"sa":{"a":0,"k":0,"ix":5},"nm":"Transform"}],"nm":"Path","np":1,"cix":2,"ix":2,"mn":"ADBE Vector Group","hd":false},{"ty":"mm","mm":1,"nm":"Merge Paths 1","mn":"ADBE Vector Filter - Merge","hd":false},{"ty":"gr","it":[{"ind":0,"ty":"sh","ix":1,"ks":{"a":0,"k":{"i":[[0,0.73],[0.55,0.55],[0.73,0],[0.55,-0.55],[0,-0.72],[-0.55,-0.55],[-0.72,0],[-0.55,0.55]],"o":[[0,-0.72],[-0.55,-0.55],[-0.72,0],[-0.55,0.55],[0,0.73],[0.55,0.55],[0.73,0],[0.55,-0.55]],"v":[[5.47,2.73],[4.65,0.82],[2.73,0],[0.82,0.82],[0,2.73],[0.82,4.65],[2.73,5.47],[4.65,4.65]],"c":true},"ix":2},"nm":"Path 1","mn":"ADBE Vector Shape - Group","hd":false},{"ty":"tr","p":{"a":0,"k":[56.33,12.58],"ix":2},"a":{"a":0,"k":[0,0],"ix":1},"s":{"a":0,"k":[100,100],"ix":3},"r":{"a":0,"k":0,"ix":6},"o":{"a":0,"k":100,"ix":7},"sk":{"a":0,"k":0,"ix":4},"sa":{"a":0,"k":0,"ix":5},"nm":"Transform"}],"nm":"Path","np":1,"cix":2,"ix":4,"mn":"ADBE Vector Group","hd":false},{"ty":"mm","mm":1,"nm":"Merge Paths 2","mn":"ADBE Vector Filter - Merge","hd":false},{"ty":"fl","c":{"a":0,"k":[0.607891976833,0.607802987099,0.607922971249,1],"ix":4},"o":{"a":0,"k":100,"ix":5},"r":1,"nm":"Fill 1","mn":"ADBE Vector Graphic - Fill","hd":false},{"ty":"tr","p":{"a":0,"k":[0,0],"ix":2},"a":{"a":0,"k":[0,0],"ix":1},"s":{"a":0,"k":[66.667,66.667],"ix":3},"r":{"a":0,"k":0,"ix":6},"o":{"a":0,"k":100,"ix":7},"sk":{"a":0,"k":0,"ix":4},"sa":{"a":0,"k":0,"ix":5},"nm":"Transform"}],"nm":"download","np":6,"cix":2,"ix":1,"mn":"ADBE Vector Group","hd":false}],"ip":0,"op":17.0000006924242,"st":0,"bm":0}],"markers":[{"tm":0.2081939490189,"cm":"1","dr":0}]}